rank	word	score	sources	googleRank	wordfreqRank	cocaRank
1	the	0.002255	google,wordfreq,coca	1	1	1
2	and	0.004509	google,wordfreq,coca	2	2	2
3	you	0.007531	google,wordfreq,coca	4	4	3
4	for	0.008252	google,wordfreq,coca	3	3	4
5	not	0.011815	google,wordfreq,coca	5	7	5
6	but	0.017045	google,wordfreq,coca	12	8	6
7	all	0.023764	google,wordfreq,coca	7	9	12
8	his	0.024531	google,wordfreq,coca	20	10	8
9	can	0.024576	google,wordfreq,coca	10	12	11
10	get	0.030168	google,wordfreq,coca	24	18	9
11	who	0.033820	google,wordfreq,coca	21	15	13
12	one	0.035218	google,wordfreq,coca	14	11	17
13	out	0.035534	google,wordfreq,coca	16	14	16
14	see	0.037022	google,wordfreq,coca	19	25	14
15	she	0.037653	google,wordfreq,coca	35	20	10
16	her	0.042794	google,wordfreq,coca	32	17	15
17	our	0.044192	google,wordfreq,coca	13	24	21
18	how	0.046627	google,wordfreq,coca	25	22	19
19	now	0.047394	google,wordfreq,coca	23	23	20
20	new	0.049288	google,wordfreq,coca	8	19	27
21	say	0.052670	google,wordfreq,coca	65	37	7
22	use	0.054699	google,wordfreq,coca	17	39	24
23	two	0.056142	google,wordfreq,coca	30	26	23
24	him	0.056908	google,wordfreq,coca	46	27	18
25	any	0.058171	google,wordfreq,coca	18	28	28
26	way	0.060200	google,wordfreq,coca	39	30	22
27	day	0.062004	google,wordfreq,coca	29	33	26
28	may	0.064394	google,wordfreq,coca	15	29	33
29	man	0.075262	google,wordfreq,coca	56	38	25
30	its	0.078102	google,wordfreq,coca	26	21	40
31	why	0.079410	google,wordfreq,coca	54	35	29
32	too	0.085047	google,wordfreq,coca	58	32	32
33	own	0.087978	google,wordfreq,coca	44	41	37
34	big	0.089556	google,wordfreq,coca	48	45	36
35	off	0.090052	google,wordfreq,coca	40	34	41
36	old	0.093164	google,wordfreq,coca	52	40	38
37	let	0.093570	google,wordfreq,coca	70	47	31
38	try	0.103761	google,wordfreq,coca	87	59	30
39	yes	0.104708	google,wordfreq,coca	63	57	39
40	put	0.106647	google,wordfreq,coca	86	44	35
41	few	0.112193	google,wordfreq,coca	74	48	42
42	job	0.112960	google,wordfreq,coca	57	60	46
43	law	0.113321	google,wordfreq,coca	49	54	50
44	ask	0.116117	google,wordfreq,coca	95	68	34
45	end	0.117018	google,wordfreq,coca	45	42	56
46	set	0.120085	google,wordfreq,coca	37	46	60
47	run	0.121347	google,wordfreq,coca	84	58	43
48	car	0.123918	google,wordfreq,coca	42	62	58
49	lot	0.126849	google,wordfreq,coca	94	49	45
50	pay	0.128292	google,wordfreq,coca	77	69	48
51	war	0.131223	google,wordfreq,coca	78	56	52
52	buy	0.134019	google,wordfreq,coca	31	81	65
53	yet	0.134064	google,wordfreq,coca	81	50	54
54	bad	0.135326	google,wordfreq,coca	104	51	47
55	add	0.136905	google,wordfreq,coca	33	99	63
56	far	0.139340	google,wordfreq,coca	105	53	49
57	low	0.145518	google,wordfreq,coca	55	74	66
58	art	0.150613	google,wordfreq,coca	50	80	70
59	top	0.150974	google,wordfreq,coca	27	52	83
60	air	0.153454	google,wordfreq,coca	62	63	71
61	ago	0.155483	google,wordfreq,coca	101	65	59
62	age	0.156656	google,wordfreq,coca	75	73	67
63	tax	0.160354	google,wordfreq,coca	68	94	68
64	per	0.166306	google,wordfreq,coca	47	61	85
65	guy	0.169643	google,wordfreq,coca	174	66	44
66	act	0.174558	google,wordfreq,coca	71	64	82
67	win	0.174738	google,wordfreq,coca	130	72	61
68	sex	0.175054	google,wordfreq,coca	36	86	90
69	red	0.176542	google,wordfreq,coca	72	75	81
70	eye	0.183171	google,wordfreq,coca	153	105	53
71	boy	0.183938	google,wordfreq,coca	139	84	62
72	hot	0.187184	google,wordfreq,coca	64	96	87
73	six	0.192009	google,wordfreq,coca	119	79	75
74	son	0.193182	google,wordfreq,coca	141	76	69
75	box	0.195617	google,wordfreq,coca	60	107	92
76	oil	0.196158	google,wordfreq,coca	108	98	78
77	cut	0.197060	google,wordfreq,coca	136	83	72
78	dog	0.202201	google,wordfreq,coca	112	102	80
79	web	0.203959	google,wordfreq,coca	22	136	105
80	die	0.204365	google,wordfreq,coca	172	88	64
81	hit	0.204726	google,wordfreq,coca	152	71	74
82	bit	0.210317	google,wordfreq,coca	109	77	91
83	sun	0.214511	google,wordfreq,coca	82	109	97
84	hey	0.216946	google,wordfreq,coca	226	85	55
85	key	0.218299	google,wordfreq,coca	73	90	106
86	god	0.220464	google,wordfreq,coca	88	43	111
87	bed	0.223259	google,wordfreq,coca	131	101	88
88	due	0.228761	google,wordfreq,coca	96	70	109
89	bar	0.232008	google,wordfreq,coca	111	115	98
90	map	0.234352	google,wordfreq,coca	38	131	121
91	gas	0.237374	google,wordfreq,coca	118	111	100
92	fun	0.238456	google,wordfreq,coca	91	82	115
93	kid	0.239403	google,wordfreq,coca	268	113	51
94	eat	0.240846	google,wordfreq,coca	218	89	73
95	sea	0.246347	google,wordfreq,coca	135	91	104
96	gay	0.247114	google,wordfreq,coca	61	125	123
97	mom	0.247475	google,wordfreq,coca	215	97	77
98	cup	0.251398	google,wordfreq,coca	176	95	93
99	ten	0.254239	google,wordfreq,coca	170	100	96
100	sit	0.256403	google,wordfreq,coca	281	119	57
101	fan	0.256990	google,wordfreq,coca	169	123	94
102	etc	0.267316	google,wordfreq,coca	156	108	108
103	via	0.271735	google,wordfreq,coca	103	106	129
104	ice	0.278635	google,wordfreq,coca	184	104	107
105	nor	0.280528	google,wordfreq,coca	190	122	103
106	bay	0.281295	google,wordfreq,coca	110	156	124
107	arm	0.282062	google,wordfreq,coca	261	146	76
108	bag	0.285083	google,wordfreq,coca	188	148	102
109	ass	0.286210	google,wordfreq,coca	133	110	128
110	gun	0.290584	google,wordfreq,coca	264	117	86
111	fit	0.290990	google,wordfreq,coca	180	124	113
112	sir	0.297709	google,wordfreq,coca	277	103	89
113	cat	0.300054	google,wordfreq,coca	171	141	119
114	fly	0.300325	google,wordfreq,coca	225	142	101
115	bus	0.305691	google,wordfreq,coca	187	127	120
116	dad	0.311147	google,wordfreq,coca	327	116	79
117	fix	0.317280	google,wordfreq,coca	206	157	116
118	fat	0.317370	google,wordfreq,coca	162	128	136
119	sky	0.321880	google,wordfreq,coca	230	152	112
120	aid	0.325262	google,wordfreq,coca	161	137	140
121	fee	0.329455	google,wordfreq,coca	158	202	132
122	pop	0.333604	google,wordfreq,coca	150	133	150
123	lie	0.333784	google,wordfreq,coca	350	130	84
124	net	0.337076	google,wordfreq,coca	85	144	172
125	leg	0.337662	google,wordfreq,coca	297	159	99
126	dry	0.341405	google,wordfreq,coca	208	149	133
127	lay	0.341856	google,wordfreq,coca	318	158	95
128	wow	0.344291	google,wordfreq,coca	282	112	117
129	tea	0.349432	google,wordfreq,coca	228	153	131
130	mix	0.354302	google,wordfreq,coca	204	160	141
131	tip	0.359578	google,wordfreq,coca	222	185	134
132	pro	0.367740	google,wordfreq,coca	98	129	191
133	aim	0.368642	google,wordfreq,coca	219	180	142
134	row	0.369859	google,wordfreq,coca	216	168	146
135	lab	0.371392	google,wordfreq,coca	197	214	145
136	log	0.378157	google,wordfreq,coca	89	217	185
137	hat	0.378472	google,wordfreq,coca	253	176	138
138	are	0.387933	google,wordfreq	6	6	
139	was	0.389150	google,wordfreq	9	5	
140	pet	0.391414	google,wordfreq,coca	173	222	165
141	has	0.392307	google,wordfreq	11	13	
142	van	0.392677	google,wordfreq,coca	148	135	190
143	ear	0.394977	google,wordfreq,coca	331	204	118
144	dna	0.395427	google,wordfreq,coca	240	191	151
145	cap	0.400162	google,wordfreq,coca	246	181	154
146	bet	0.400974	google,wordfreq,coca	321	140	137
147	had	0.401551	google,wordfreq	28	16	
148	tie	0.401786	google,wordfreq,coca	333	187	125
149	era	0.402056	google,wordfreq,coca	303	166	139
150	sad	0.403184	google,wordfreq,coca	359	139	126
151	mad	0.407918	google,wordfreq,coca	308	151	144
152	cry	0.408640	google,wordfreq,coca	388	172	114
153	did	0.412058	google,wordfreq	41	31	
154	egg	0.415314	google,wordfreq,coca	366	193	122
155	raw	0.417343	google,wordfreq,coca	249	184	164
156	toy	0.419057	google,wordfreq,coca	232	260	157
157	gap	0.420049	google,wordfreq,coca	300	194	147
158	hip	0.420996	google,wordfreq,coca	234	203	168
159	kit	0.421266	google,wordfreq,coca	138	226	196
160	wet	0.421402	google,wordfreq,coca	258	188	163
161	sin	0.422935	google,wordfreq,coca	293	190	152
162	got	0.427300	google,wordfreq	69	36	
163	men	0.427480	google,wordfreq	59	55	
164	bid	0.429383	google,wordfreq,coca	123	223	207
165	non	0.430727	google,wordfreq	53	78	
166	joy	0.437771	google,wordfreq,coca	312	177	158
167	app	0.443948	google,wordfreq,coca	376	165	143
168	tag	0.444986	google,wordfreq,coca	203	200	195
169	ceo	0.447150	google,wordfreq,coca	338	219	148
170	usa	0.447863	google,wordfreq	51	145	
171	san	0.448494	google,wordfreq	67	118	
172	pan	0.449044	google,wordfreq,coca	269	215	173
173	bug	0.451614	google,wordfreq,coca	191	296	186
174	jan	0.453499	google,wordfreq	34	197	
175	jet	0.455628	google,wordfreq,coca	306	243	160
176	doc	0.462617	google,wordfreq,coca	214	311	183
177	dvd	0.466892	google,wordfreq	43	230	
178	pot	0.468705	google,wordfreq,coca	361	218	155
179	pre	0.473701	google,wordfreq	120	114	
180	ray	0.477408	google,wordfreq,coca	207	164	222
181	ski	0.481016	google,wordfreq,coca	223	269	200
182	saw	0.482314	google,wordfreq	163	67	
183	odd	0.482819	google,wordfreq,coca	384	206	159
184	los	0.484163	google,wordfreq	128	138	
185	sum	0.486562	google,wordfreq,coca	274	207	198
186	inc	0.487906	google,wordfreq	129	150	
187	dec	0.489394	google,wordfreq	66	271	
188	sat	0.489619	google,wordfreq	121	171	
189	oct	0.490566	google,wordfreq	76	257	
190	rep	0.490801	google,wordfreq,coca	339	307	161
191	led	0.491558	google,wordfreq	168	92	
192	pen	0.493957	google,wordfreq,coca	311	227	187
193	iii	0.495933	google,wordfreq	143	154	
194	met	0.498277	google,wordfreq	181	93	
195	nov	0.498819	google,wordfreq	79	282	
196	max	0.500442	google,wordfreq	145	167	
197	tom	0.501930	google,wordfreq	166	134	
198	feb	0.504726	google,wordfreq	92	280	
199	ban	0.505276	google,wordfreq,coca	381	201	176
200	oak	0.506403	google,wordfreq,coca	275	328	189
201	mac	0.507341	google,wordfreq	142	198	
202	mar	0.510182	google,wordfreq	97	291	
203	sub	0.510272	google,wordfreq	167	163	
204	ltd	0.510723	google,wordfreq	127	238	
205	won	0.512527	google,wordfreq	213	87	
206	lee	0.513564	google,wordfreq	178	155	
207	mid	0.514286	google,wordfreq	192	132	
208	aug	0.514917	google,wordfreq	100	303	
209	bob	0.517848	google,wordfreq	179	169	
210	est	0.518254	google,wordfreq	140	242	
211	pin	0.518308	google,wordfreq,coca	248	262	218
212	joe	0.519832	google,wordfreq	195	147	
213	las	0.520644	google,wordfreq	159	216	
214	ads	0.522177	google,wordfreq	149	240	
215	min	0.522493	google,wordfreq	160	221	
216	dot	0.523088	google,wordfreq,coca	235	342	211
217	rob	0.524125	google,wordfreq,coca	302	234	209
218	jim	0.526416	google,wordfreq	193	175	
219	vol	0.527408	google,wordfreq	177	208	
220	des	0.528039	google,wordfreq	199	170	
221	com	0.528220	google,wordfreq	117	321	
222	del	0.528806	google,wordfreq	194	182	
223	bin	0.530925	google,wordfreq	147	276	
224	lip	0.531972	google,wordfreq,coca	509	318	130
225	spy	0.532332	google,wordfreq,coca	279	279	214
226	rid	0.534407	google,wordfreq,coca	503	195	156
227	toe	0.537067	google,wordfreq,coca	342	346	184
228	apr	0.537554	google,wordfreq	102	383	
229	sue	0.538375	google,wordfreq,coca	400	283	177
230	inn	0.539989	google,wordfreq	126	348	
231	sec	0.540260	google,wordfreq	186	239	
232	tel	0.543281	google,wordfreq	137	340	
233	les	0.543597	google,wordfreq	220	189	
234	dan	0.543957	google,wordfreq	224	183	
235	bbc	0.544093	google,wordfreq	227	178	
236	rat	0.545815	google,wordfreq,coca	415	294	175
237	pdf	0.547024	google,wordfreq	114	396	
238	ups	0.549684	google,wordfreq	211	228	
239	don	0.550947	google,wordfreq	243	174	
240	ben	0.551398	google,wordfreq	251	161	
241	pic	0.551984	google,wordfreq	202	253	
242	rod	0.553571	google,wordfreq,coca	357	308	197
243	dig	0.554113	google,wordfreq,coca	525	266	149
244	con	0.554329	google,wordfreq	210	247	
245	tap	0.554338	google,wordfreq,coca	466	265	169
246	tim	0.554825	google,wordfreq	241	192	
247	zip	0.556403	google,wordfreq	122	416	
248	usb	0.557395	google,wordfreq	154	361	
249	mon	0.558027	google,wordfreq	116	433	
250	sam	0.558613	google,wordfreq	265	162	
251	url	0.559064	google,wordfreq	99	468	
252	fox	0.559109	google,wordfreq	260	173	
253	ann	0.559515	google,wordfreq	221	246	
254	fax	0.559921	google,wordfreq	80	506	
255	pie	0.560245	google,wordfreq,coca	437	274	181
256	gym	0.561508	google,wordfreq,coca	433	220	193
257	jun	0.563573	google,wordfreq	107	470	
258	cop	0.566062	google,wordfreq,coca	638	224	127
259	tab	0.566558	google,wordfreq,coca	285	345	223
260	der	0.566865	google,wordfreq	256	209	
261	kim	0.569661	google,wordfreq	278	179	
262	hop	0.570608	google,wordfreq	263	210	
263	ran	0.571555	google,wordfreq	314	120	
264	nfl	0.572096	google,wordfreq	272	199	
265	hiv	0.572908	google,wordfreq	236	268	
266	lol	0.575658	google,wordfreq	319	126	
267	ill	0.578770	google,wordfreq	316	143	
268	sep	0.578815	google,wordfreq	93	552	
269	gmt	0.579762	google,wordfreq	144	462	
270	pad	0.580267	google,wordfreq,coca	356	359	206
271	spa	0.583324	google,wordfreq	209	356	
272	cum	0.583415	google,wordfreq	183	404	
273	ave	0.584226	google,wordfreq	201	374	
274	int	0.588375	google,wordfreq	151	481	
275	ibm	0.588555	google,wordfreq	189	412	
276	jay	0.589277	google,wordfreq	299	213	
277	von	0.589953	google,wordfreq	290	232	
278	cow	0.590458	google,wordfreq,coca	484	305	180
279	usd	0.591080	google,wordfreq	217	370	
280	pub	0.592569	google,wordfreq	262	293	
281	ram	0.592704	google,wordfreq	259	299	
282	bye	0.592983	google,wordfreq,coca	584	186	170
283	wed	0.593335	google,wordfreq	125	547	
284	que	0.595139	google,wordfreq	283	264	
285	gps	0.595545	google,wordfreq	244	337	
286	rip	0.596050	google,wordfreq,coca	504	278	182
287	ink	0.597303	google,wordfreq	247	338	
288	abc	0.600144	google,wordfreq	298	255	
289	mrs	0.602083	google,wordfreq	375	121	
290	und	0.602715	google,wordfreq	271	314	
291	bow	0.604257	google,wordfreq,coca	439	235	217
292	pit	0.604392	google,wordfreq,coca	472	263	201
293	bat	0.605880	google,wordfreq,coca	508	241	194
294	jon	0.607495	google,wordfreq	315	251	
295	par	0.607855	google,wordfreq	307	267	
296	pal	0.607909	google,wordfreq,coca	430	331	205
297	cam	0.609839	google,wordfreq	257	366	
298	nba	0.609839	google,wordfreq	323	245	
299	ian	0.611508	google,wordfreq	334	231	
300	ken	0.611553	google,wordfreq	309	277	
301	pig	0.612734	google,wordfreq,coca	542	292	178
302	huh	0.614123	wordfreq,coca		248	110
303	ron	0.614349	google,wordfreq	325	258	
304	rom	0.614529	google,wordfreq	231	431	
305	bio	0.616558	google,wordfreq	288	334	
306	pat	0.616649	google,wordfreq	328	261	
307	cab	0.619453	google,wordfreq,coca	447	326	208
308	eve	0.620301	google,wordfreq	355	225	
309	bee	0.620400	google,wordfreq,coca	468	324	202
310	dev	0.623548	google,wordfreq	175	567	
311	cds	0.623683	google,wordfreq	196	529	
312	llc	0.624179	google,wordfreq	185	551	
313	fed	0.624856	google,wordfreq	380	196	
314	ing	0.625216	google,wordfreq	294	355	
315	res	0.630988	google,wordfreq	280	402	
316	ref	0.632116	google,wordfreq	267	430	
317	rio	0.632206	google,wordfreq	373	236	
318	den	0.633874	google,wordfreq	348	288	
319	jul	0.633965	google,wordfreq	106	732	
320	eur	0.634461	google,wordfreq	113	721	
321	ash	0.635011	google,wordfreq,coca	459	290	221
322	nut	0.635552	google,wordfreq,coca	582	369	166
323	sri	0.636084	google,wordfreq	341	309	
324	iso	0.637256	google,wordfreq	273	438	
325	opt	0.638212	google,wordfreq,coca	409	443	212
326	sci	0.638880	google,wordfreq	291	411	
327	mph	0.638925	google,wordfreq	320	358	
328	roy	0.639060	google,wordfreq	377	254	
329	php	0.639872	google,wordfreq	155	664	
330	med	0.640278	google,wordfreq	296	407	
331	rss	0.640684	google,wordfreq	83	799	
332	lbs	0.643389	google,wordfreq	317	380	
333	jam	0.648214	google,wordfreq	372	297	
334	xml	0.648395	google,wordfreq	146	712	
335	arc	0.648665	google,wordfreq	374	295	
336	lib	0.650018	google,wordfreq	254	520	
337	amy	0.652453	google,wordfreq	386	287	
338	sur	0.652949	google,wordfreq	369	320	
339	rev	0.653175	google,wordfreq	370	319	
340	fri	0.653445	google,wordfreq	124	771	
341	lap	0.654717	google,wordfreq,coca	589	284	192
342	cal	0.655790	google,wordfreq	360	347	
343	ion	0.656602	google,wordfreq	378	317	
344	acc	0.657729	google,wordfreq	245	565	
345	zoo	0.658000	google,wordfreq	389	302	
346	def	0.658045	google,wordfreq	322	425	
347	gen	0.659037	google,wordfreq	420	249	
348	pee	0.661291	google,wordfreq	364	360	
349	fig	0.662464	google,wordfreq	284	511	
350	bmw	0.662825	google,wordfreq	336	417	
351	thy	0.663276	google,wordfreq	428	250	
352	aka	0.665801	google,wordfreq	390	329	
353	faq	0.666071	google,wordfreq	90	880	
354	lcd	0.666793	google,wordfreq	200	681	
355	mit	0.667514	google,wordfreq	340	427	
356	ted	0.667695	google,wordfreq	432	259	
357	pst	0.668416	google,wordfreq	164	753	
358	ace	0.668642	google,wordfreq	399	323	
359	rap	0.668867	google,wordfreq	412	300	
360	hub	0.669544	google,wordfreq	397	330	
361	nyc	0.674233	google,wordfreq	371	395	
362	sms	0.675090	google,wordfreq	346	444	
363	ali	0.675631	google,wordfreq	460	237	
364	epa	0.675812	google,wordfreq	324	487	
365	xxx	0.677300	google,wordfreq	165	784	
366	amp	0.678337	google,wordfreq	352	445	
367	pcs	0.678472	google,wordfreq	289	561	
368	var	0.678968	google,wordfreq	212	704	
369	mod	0.680186	google,wordfreq	335	483	
370	phd	0.680817	google,wordfreq	387	390	
371	tin	0.682891	google,wordfreq	413	350	
372	chi	0.683117	google,wordfreq	402	371	
373	cbs	0.686093	google,wordfreq	438	316	
374	nhl	0.687130	google,wordfreq	421	351	
375	sql	0.688438	google,wordfreq	242	684	
376	dam	0.689926	google,wordfreq	449	310	
377	tue	0.690422	google,wordfreq	132	893	
378	edt	0.690512	google,wordfreq	292	600	
379	mud	0.691062	google,wordfreq,coca	614	312	203
380	api	0.691459	google,wordfreq	343	510	
381	owe	0.691640	wordfreq,coca		298	153
382	hmm	0.692587	wordfreq,coca		252	162
383	ton	0.694345	google,wordfreq	477	275	
384	tan	0.695698	google,wordfreq	435	357	
385	flu	0.696284	google,wordfreq	410	405	
386	leo	0.697141	google,wordfreq	493	256	
387	cpu	0.697953	google,wordfreq	313	589	
388	cod	0.698855	google,wordfreq	419	398	
389	ins	0.698900	google,wordfreq	406	422	
390	hon	0.702507	google,wordfreq	440	373	
391	vat	0.703139	google,wordfreq	276	676	
392	reg	0.703184	google,wordfreq	329	579	
393	lan	0.703274	google,wordfreq	345	550	
394	www	0.704131	google,wordfreq	182	852	
395	dos	0.704942	google,wordfreq	416	426	
396	nsw	0.705303	google,wordfreq	330	585	
397	exp	0.705664	google,wordfreq	310	623	
398	utc	0.706521	google,wordfreq	255	727	
399	das	0.708189	google,wordfreq	452	372	
400	val	0.711301	google,wordfreq	395	488	
401	thu	0.711706	google,wordfreq	134	968	
402	gel	0.712247	google,wordfreq	422	442	
403	cnn	0.712879	google,wordfreq	450	393	
404	vii	0.712924	google,wordfreq	467	362	
405	tee	0.713104	google,wordfreq	391	502	
406	cox	0.715675	google,wordfreq	442	418	
407	jar	0.716405	google,wordfreq,coca	574	413	215
408	atm	0.716802	google,wordfreq	441	424	
409	usc	0.717253	google,wordfreq	353	587	
410	yea	0.721176	google,wordfreq	554	233	
411	vic	0.721266	google,wordfreq	444	435	
412	cvs	0.724242	google,wordfreq	198	897	
413	cia	0.724513	google,wordfreq	522	304	
414	mat	0.724829	google,wordfreq	431	472	
415	beg	0.727895	wordfreq,coca		333	171
416	fda	0.727985	google,wordfreq	427	491	
417	lit	0.728707	google,wordfreq	543	281	
418	eng	0.729293	google,wordfreq	398	549	
419	nod	0.729518	wordfreq,coca		537	135
420	mlb	0.730601	google,wordfreq	411	530	
421	tub	0.732810	google,wordfreq	458	452	
422	gop	0.733577	wordfreq,coca		376	167
423	sox	0.733667	google,wordfreq	457	457	
424	css	0.735696	google,wordfreq	286	778	
425	fbi	0.735696	google,wordfreq	562	272	
426	yep	0.736553	wordfreq,coca		211	199
427	gif	0.737320	google,wordfreq	478	432	
428	col	0.738988	google,wordfreq	519	363	
429	lil	0.740702	google,wordfreq	451	494	
430	aye	0.741243	google,wordfreq	517	375	
431	bra	0.741243	google,wordfreq	481	441	
432	hrs	0.742190	google,wordfreq	358	670	
433	gdp	0.742596	google,wordfreq	541	336	
434	tri	0.743858	google,wordfreq	429	546	
435	ham	0.744399	google,wordfreq	561	306	
436	aaa	0.745752	google,wordfreq	423	564	
437	vhs	0.747195	google,wordfreq	205	969	
438	neo	0.748232	google,wordfreq	524	388	
439	ate	0.748864	google,wordfreq	612	229	
440	duo	0.751389	google,wordfreq	550	352	
441	rub	0.753057	wordfreq,coca		382	179
442	fur	0.754140	google,wordfreq	555	353	
443	nhs	0.755087	google,wordfreq	516	428	
444	rpm	0.755222	google,wordfreq	363	709	
445	abs	0.755538	google,wordfreq	500	459	
446	avg	0.755583	google,wordfreq	229	956	
447	kay	0.756935	google,wordfreq	535	400	
448	cos	0.757026	google,wordfreq	575	327	
449	por	0.757431	google,wordfreq	464	532	
450	fog	0.760543	google,wordfreq	551	384	
451	ooh	0.761310	wordfreq,coca		440	174
452	alt	0.761670	google,wordfreq	436	599	
453	tit	0.763699	google,wordfreq	379	711	
454	seo	0.763925	google,wordfreq	404	666	
455	aol	0.764015	google,wordfreq	252	945	
456	doe	0.764601	google,wordfreq	497	498	
457	dem	0.765052	google,wordfreq	559	386	
458	psp	0.765368	google,wordfreq	270	917	
459	mls	0.766585	google,wordfreq	483	531	
460	gut	0.767262	wordfreq,coca		385	188
461	amd	0.768344	google,wordfreq	354	774	
462	rim	0.769246	google,wordfreq	532	451	
463	eco	0.771185	google,wordfreq	507	504	
464	tvs	0.771636	google,wordfreq	365	766	
465	til	0.772448	google,wordfreq	629	285	
466	sol	0.773124	google,wordfreq	506	513	
467	hug	0.774026	wordfreq,coca		322	204
468	eva	0.774251	google,wordfreq	565	409	
469	plc	0.774973	google,wordfreq	417	683	
470	mag	0.775694	google,wordfreq	473	583	
471	sim	0.776055	google,wordfreq	501	533	
472	mhz	0.776687	google,wordfreq	367	781	
473	wax	0.777318	google,wordfreq	581	391	
474	nat	0.778445	google,wordfreq	526	496	
475	une	0.778986	google,wordfreq	520	509	
476	shy	0.782955	wordfreq,coca		289	216
477	ana	0.783045	google,wordfreq	586	403	
478	dir	0.783856	google,wordfreq	394	758	
479	pac	0.785119	google,wordfreq	576	429	
480	dip	0.787870	google,wordfreq	617	364	
481	gig	0.790034	google,wordfreq	605	394	
482	cad	0.790170	google,wordfreq	392	785	
483	abu	0.791117	google,wordfreq	641	332	
484	sap	0.791342	google,wordfreq	510	573	
485	pci	0.792063	google,wordfreq	332	902	
486	hay	0.792109	google,wordfreq	631	354	
487	pos	0.792109	google,wordfreq	445	695	
488	org	0.792605	google,wordfreq	326	915	
489	nbc	0.792965	google,wordfreq	618	381	
490	aus	0.793056	google,wordfreq	538	528	
491	gnu	0.793056	google,wordfreq	250	1056	
492	dis	0.793236	google,wordfreq	534	536	
493	pas	0.793867	google,wordfreq	604	410	
494	geo	0.794679	google,wordfreq	496	611	
495	wal	0.795626	google,wordfreq	499	609	
496	una	0.795761	google,wordfreq	544	527	
497	ant	0.795942	google,wordfreq	594	436	
498	bon	0.796032	google,wordfreq	568	484	
499	mba	0.796077	google,wordfreq	471	662	
500	vip	0.796708	google,wordfreq	553	514	
501	dom	0.796934	google,wordfreq	572	480	
502	jaw	0.798106	wordfreq,coca		378	210
503	zen	0.798151	google,wordfreq	533	556	
504	ego	0.799865	wordfreq,coca		335	219
505	kai	0.799955	google,wordfreq	571	493	
506	lou	0.802345	google,wordfreq	644	368	
507	eds	0.802525	google,wordfreq	580	486	
508	rna	0.804419	google,wordfreq	502	636	
509	diy	0.804780	google,wordfreq	494	652	
510	nam	0.805952	google,wordfreq	540	572	
511	tar	0.806584	google,wordfreq	556	545	
512	irs	0.807801	google,wordfreq	583	500	
513	ser	0.810462	google,wordfreq	536	596	
514	vid	0.811138	google,wordfreq	425	802	
515	liz	0.811860	google,wordfreq	607	471	
516	ada	0.812762	google,wordfreq	545	588	
517	cgi	0.813212	google,wordfreq	463	740	
518	gem	0.814069	google,wordfreq	600	492	
519	jpg	0.815197	google,wordfreq	407	850	
520	mtv	0.816234	google,wordfreq	642	423	
521	dee	0.817632	google,wordfreq	647	419	
522	ghz	0.818128	google,wordfreq	396	881	
523	rec	0.818579	google,wordfreq	476	736	
524	ist	0.819030	google,wordfreq	448	789	
525	ent	0.819526	google,wordfreq	383	910	
526	lid	0.819661	google,wordfreq	626	465	
527	wit	0.820247	google,wordfreq	667	392	
528	std	0.821465	google,wordfreq	424	842	
529	oem	0.822457	google,wordfreq	414	864	
530	cms	0.823855	google,wordfreq	443	816	
531	apt	0.824035	google,wordfreq	595	538	
532	fin	0.824576	google,wordfreq	613	507	
533	mil	0.826515	google,wordfreq	588	560	
534	pts	0.826921	google,wordfreq	513	699	
535	tcp	0.826921	google,wordfreq	393	919	
536	mia	0.828003	google,wordfreq	657	439	
537	ons	0.828319	google,wordfreq	488	750	
538	sen	0.828635	google,wordfreq	661	434	
539	fcc	0.830168	google,wordfreq	579	590	
540	mel	0.831340	google,wordfreq	649	466	
541	yen	0.832693	google,wordfreq	625	515	
542	dat	0.833640	google,wordfreq	664	447	
543	mic	0.835263	google,wordfreq	634	508	
544	ira	0.835985	google,wordfreq	660	463	
545	ftp	0.836751	google,wordfreq	295	1135	
546	mas	0.836842	google,wordfreq	569	633	
547	uni	0.838285	google,wordfreq	615	554	
548	isp	0.839096	google,wordfreq	405	942	
549	rug	0.840043	google,wordfreq	558	665	
550	phi	0.841306	google,wordfreq	482	809	
551	tex	0.842523	google,wordfreq	521	742	
552	wan	0.845815	google,wordfreq	658	503	
553	mmm	0.846672	wordfreq,coca		541	213
554	biz	0.848386	google,wordfreq	301	1167	
555	rpg	0.849017	google,wordfreq	491	821	
556	cue	0.851136	wordfreq,coca		497	224
557	dns	0.851993	google,wordfreq	455	898	
558	nec	0.853075	google,wordfreq	347	1100	
559	isa	0.856999	google,wordfreq	632	592	
560	ooo	0.857404	google,wordfreq	515	808	
561	sip	0.859073	google,wordfreq	646	574	
562	cas	0.860786	google,wordfreq	620	628	
563	mai	0.863943	google,wordfreq	640	603	
564	ict	0.866243	google,wordfreq	511	848	
565	asp	0.867145	google,wordfreq	305	1229	
566	sic	0.867280	google,wordfreq	650	597	
567	mae	0.867641	google,wordfreq	648	602	
568	dim	0.868317	google,wordfreq	639	621	
569	pod	0.870752	google,wordfreq	663	586	
570	sao	0.872421	google,wordfreq	590	726	
571	dow	0.872872	google,wordfreq	622	669	
572	mug	0.874179	google,wordfreq	671	584	
573	ala	0.874495	google,wordfreq	616	686	
574	sas	0.876028	google,wordfreq	606	710	
575	msg	0.878283	google,wordfreq	418	1063	
576	pam	0.878689	google,wordfreq	637	663	
577	gsm	0.878734	google,wordfreq	474	962	
578	qui	0.879365	google,wordfreq	670	605	
579	len	0.879816	google,wordfreq	570	790	
580	gui	0.881620	google,wordfreq	530	870	
581	gst	0.882116	google,wordfreq	567	804	
582	ind	0.888339	google,wordfreq	669	640	
583	foo	0.889782	google,wordfreq	547	869	
584	ver	0.891315	google,wordfreq	531	904	
585	psi	0.893028	google,wordfreq	601	782	
586	cho	0.899838	google,wordfreq	666	688	
587	gis	0.905249	google,wordfreq	528	961	
588	ste	0.905429	google,wordfreq	518	980	
589	dod	0.905745	google,wordfreq	523	972	
590	div	0.906016	google,wordfreq	487	1039	
591	nav	0.907594	google,wordfreq	446	1120	
592	irc	0.908766	google,wordfreq	480	1062	
593	yrs	0.912284	google,wordfreq	546	954	
594	nil	0.917154	google,wordfreq	636	807	
595	ide	0.918597	google,wordfreq	490	1080	
596	avi	0.921347	google,wordfreq	489	1092	
597	str	0.922565	google,wordfreq	552	981	
598	cio	0.923241	google,wordfreq	621	857	
599	soc	0.924233	google,wordfreq	557	978	
600	ppm	0.929915	google,wordfreq	593	933	
601	ati	0.931223	google,wordfreq	498	1112	
602	sig	0.938663	google,wordfreq	549	1046	
603	vpn	0.940602	google,wordfreq	578	1000	
604	ids	0.942045	google,wordfreq	672	833	
605	cet	0.944255	google,wordfreq	485	1184	
606	wto	0.945022	google,wordfreq	630	921	
607	eau	0.945878	google,wordfreq	587	1003	
608	loc	0.947953	google,wordfreq	529	1117	
609	dui	0.952327	google,wordfreq	624	959	
610	cir	0.961301	google,wordfreq	653	939	
611	rca	0.963871	google,wordfreq	566	1108	
612	pvc	0.964096	google,wordfreq	627	997	
613	uri	0.975370	google,wordfreq	599	1090	
614	ata	0.978617	google,wordfreq	635	1036	
615	pct	0.980916	google,wordfreq	602	1105	
616	ips	0.986102	google,wordfreq	655	1027	
617	inf	0.991198	google,wordfreq	596	1154	
618	acm	0.992641	google,wordfreq	654	1053	
619	llp	1.014692	google,wordfreq	609	1217	
